transaction_id,date,product_id,quantity,discount
1,2024-01-02,P10,1,0.03
2,2024-01-02,P1,2,0.13
3,2024-01-02,P15,2,0.13
4,2024-01-02,P13,2,0
5,2024-01-02,P5,1,0.18
6,2024-01-02,P4,4,0.01
7,2024-01-02,P9,1,0.07
8,2024-01-02,P12,1,0.05
9,2024-01-02,P2,2,0.02
10,2024-01-02,P10,1,0.16
11,2024-01-02,P4,2,0.06
12,2024-01-02,P10,1,0.09
13,2024-01-02,P13,1,0
14,2024-01-02,P1,1,0.01
15,2024-01-02,P15,3,0.1
16,2024-01-02,P12,1,0.1
17,2024-01-02,P12,1,0.11
18,2024-01-02,P5,2,0.06
19,2024-01-02,P6,2,0.06
20,2024-01-02,P14,1,0.17
21,2024-01-02,P9,1,0.15
22,2024-01-02,P8,1,0.1
23,2024-01-02,P6,1,0.05
24,2024-01-02,P14,1,0.05
25,2024-01-02,P8,1,0.07
26,2024-01-02,P1,1,0.14
27,2024-01-02,P5,3,0.1
28,2024-01-02,P1,1,0.06
29,2024-01-02,P15,1,0.07
30,2024-01-02,P8,1,0.06
31,2024-01-02,P15,1,0.14
32,2024-01-02,P15,1,0.13
33,2024-01-02,P14,1,0.07
34,2024-01-02,P12,1,0.15
35,2024-01-02,P13,1,0.15
36,2024-01-02,P1,1,0.05
37,2024-01-02,P14,1,0.09
38,2024-01-02,P11,1,0.15
39,2024-01-02,P8,1,0.12
40,2024-01-02,P1,1,0.14
41,2024-01-02,P13,1,0.11
42,2024-01-02,P4,1,0.14
43,2024-01-02,P4,2,0.06
44,2024-01-02,P14,1,0.03
45,2024-01-02,P11,1,0.18
46,2024-01-02,P14,1,0.05
47,2024-01-02,P11,2,0.11
48,2024-01-02,P11,2,0.17
49,2024-01-02,P12,1,0.18
50,2024-01-02,P8,1,0.08
51,2024-01-02,P14,5,0.09
52,2024-01-02,P3,1,0.12
53,2024-01-02,P6,2,0.02
54,2024-01-02,P13,3,0.02
55,2024-01-02,P7,1,0.13
56,2024-01-02,P13,1,0.06
57,2024-01-02,P6,3,0.09
58,2024-01-02,P8,1,0.09
59,2024-01-02,P4,3,0.04
60,2024-01-02,P5,1,0.2
61,2024-01-02,P9,1,0.06
62,2024-01-02,P11,1,0.14
63,2024-01-02,P2,1,0.09
64,2024-01-02,P13,3,0.14
65,2024-01-02,P13,1,0.08
66,2024-01-02,P2,5,0.13
67,2024-01-02,P1,1,0.03
68,2024-01-02,P11,2,0.1
69,2024-01-02,P2,2,0.14
70,2024-01-02,P5,1,0.11
71,2024-01-02,P2,1,0
72,2024-01-02,P3,1,0.05
73,2024-01-02,P5,1,0.09
74,2024-01-02,P7,1,0.08
75,2024-01-02,P4,1,0.09
76,2024-01-02,P13,2,0.14
77,2024-01-02,P1,1,0.17
78,2024-01-02,P14,1,0.15
79,2024-01-02,P2,1,0.1
80,2024-01-02,P4,1,0.11
81,2024-01-02,P12,1,0.15
82,2024-01-02,P9,3,0.13
83,2024-01-02,P7,1,0
84,2024-01-02,P13,1,0.14
85,2024-01-02,P15,1,0.09
86,2024-01-02,P15,4,0.09
87,2024-01-02,P8,1,0.19
88,2024-01-02,P3,5,0.13
89,2024-01-02,P6,1,0.09
90,2024-01-02,P12,1,0.03
91,2024-01-03,P3,1,0.08
92,2024-01-03,P2,1,0.07
93,2024-01-03,P13,3,0.08
94,2024-01-03,P6,2,0.17
95,2024-01-03,P1,2,0.03
96,2024-01-03,P2,1,0.09
97,2024-01-03,P5,1,0.1
98,2024-01-03,P3,1,0.14
99,2024-01-03,P13,3,0.11
100,2024-01-03,P13,1,0.16
101,2024-01-03,P8,1,0.08
102,2024-01-03,P5,4,0.02
103,2024-01-03,P15,4,0.18
104,2024-01-03,P8,2,0.14
105,2024-01-03,P9,2,0.07
106,2024-01-03,P3,3,0.09
107,2024-01-03,P9,1,0.11
108,2024-01-03,P6,1,0.12
109,2024-01-03,P10,1,0.06
110,2024-01-03,P4,1,0.07
111,2024-01-03,P6,1,0.1
112,2024-01-03,P9,1,0.13
113,2024-01-03,P7,4,0.1
114,2024-01-03,P14,1,0.12
115,2024-01-03,P4,1,0.12
116,2024-01-03,P4,1,0
117,2024-01-03,P14,3,0.18
118,2024-01-03,P13,1,0.03
119,2024-01-03,P6,1,0.03
120,2024-01-03,P2,1,0.1
121,2024-01-03,P12,2,0.18
122,2024-01-03,P5,1,0.13
123,2024-01-03,P4,1,0.08
124,2024-01-03,P15,1,0.08
125,2024-01-03,P7,2,0.09
126,2024-01-03,P10,1,0.16
127,2024-01-03,P7,3,0.05
128,2024-01-03,P15,1,0.07
129,2024-01-03,P8,2,0.09
130,2024-01-03,P4,4,0.08
131,2024-01-03,P4,1,0.07
132,2024-01-03,P13,1,0.09
133,2024-01-03,P9,1,0.09
134,2024-01-03,P9,2,0.08
135,2024-01-03,P9,1,0.11
136,2024-01-03,P2,1,0.07
137,2024-01-03,P13,3,0.13
138,2024-01-03,P5,1,0.1
139,2024-01-03,P7,2,0.07
140,2024-01-03,P7,1,0.1
141,2024-01-03,P5,1,0.03
142,2024-01-03,P12,1,0.08
143,2024-01-03,P10,4,0.06
144,2024-01-03,P15,2,0.1
145,2024-01-03,P5,1,0.13
146,2024-01-03,P12,1,0.03
147,2024-01-03,P3,1,0.08
148,2024-01-03,P15,1,0.17
149,2024-01-03,P12,1,0.13
150,2024-01-03,P8,2,0.14
151,2024-01-03,P4,1,0.21
152,2024-01-03,P5,1,0.05
153,2024-01-03,P15,1,0.13
154,2024-01-03,P14,1,0.03
155,2024-01-03,P7,1,0.02
156,2024-01-03,P4,1,0.13
157,2024-01-03,P1,1,0.08
158,2024-01-03,P5,2,0.17
159,2024-01-03,P5,1,0.03
160,2024-01-03,P5,1,0.15
161,2024-01-03,P5,1,0.03
162,2024-01-03,P12,1,0.14
163,2024-01-03,P10,1,0.08
164,2024-01-03,P2,2,0.1
165,2024-01-03,P14,1,0.08
166,2024-01-03,P13,1,0.14
167,2024-01-03,P3,1,0.06
168,2024-01-04,P3,1,0.12
169,2024-01-04,P3,1,0.16
170,2024-01-04,P9,1,0.06
171,2024-01-04,P4,1,0.09
172,2024-01-04,P15,1,0.08
173,2024-01-04,P12,1,0.09
174,2024-01-04,P6,1,0.13
175,2024-01-04,P8,1,0.14
176,2024-01-04,P3,1,0.12
177,2024-01-04,P11,5,0.07
178,2024-01-04,P3,1,0.13
179,2024-01-04,P3,1,0.07
180,2024-01-04,P12,1,0.1
181,2024-01-04,P6,4,0.11
182,2024-01-04,P5,3,0.11
183,2024-01-04,P8,1,0.08
184,2024-01-04,P14,2,0
185,2024-01-04,P9,3,0.05
186,2024-01-04,P4,1,0.05
187,2024-01-04,P15,1,0.09
188,2024-01-04,P15,1,0.11
189,2024-01-04,P6,1,0.04
190,2024-01-04,P4,1,0.18
191,2024-01-04,P8,1,0.07
192,2024-01-04,P11,1,0.13
193,2024-01-04,P12,3,0.09
194,2024-01-04,P4,3,0.05
195,2024-01-04,P1,2,0.13
196,2024-01-04,P12,1,0.17
197,2024-01-04,P3,2,0.01
198,2024-01-04,P12,1,0.03
199,2024-01-04,P11,1,0.17
200,2024-01-04,P6,1,0.07
201,2024-01-04,P14,3,0
202,2024-01-04,P13,1,0.08
203,2024-01-04,P1,1,0.09
204,2024-01-04,P13,5,0.12
205,2024-01-04,P15,3,0
206,2024-01-04,P11,3,0.05
207,2024-01-04,P8,1,0.08
208,2024-01-04,P13,1,0.05
209,2024-01-04,P4,1,0.14
210,2024-01-04,P9,2,0.11
211,2024-01-04,P3,1,0.1
212,2024-01-04,P5,1,0.17
213,2024-01-04,P7,1,0.18
214,2024-01-04,P7,1,0.05
215,2024-01-04,P10,4,0.14
216,2024-01-04,P11,1,0.08
217,2024-01-04,P5,1,0.06
218,2024-01-04,P11,1,0.13
219,2024-01-04,P10,1,0.1
220,2024-01-04,P12,2,0.05
221,2024-01-04,P4,2,0.16
222,2024-01-04,P8,1,0.13
223,2024-01-04,P5,1,0.09
224,2024-01-04,P5,2,0.17
225,2024-01-04,P2,1,0.04
226,2024-01-04,P7,4,0.01
227,2024-01-04,P8,1,0.07
228,2024-01-04,P13,1,0.09
229,2024-01-04,P4,1,0.03
230,2024-01-04,P1,1,0.05
231,2024-01-04,P4,2,0.18
232,2024-01-04,P12,1,0
233,2024-01-04,P10,1,0.16
234,2024-01-04,P7,1,0.06
235,2024-01-04,P12,1,0.14
236,2024-01-04,P8,1,0.17
237,2024-01-04,P9,1,0.08
238,2024-01-04,P9,3,0.2
239,2024-01-04,P15,4,0.06
240,2024-01-04,P12,4,0.13
241,2024-01-04,P12,1,0.07
242,2024-01-04,P13,1,0.08
243,2024-01-04,P9,1,0.1
244,2024-01-04,P15,2,0.15
245,2024-01-04,P8,1,0.09
246,2024-01-04,P11,2,0.11
247,2024-01-04,P1,1,0.15
248,2024-01-04,P7,1,0.13
249,2024-01-04,P3,1,0.19
250,2024-01-04,P15,1,0.06
251,2024-01-04,P13,1,0.21
252,2024-01-04,P3,3,0.21
253,2024-01-04,P15,1,0.12
254,2024-01-04,P3,1,0.11
255,2024-01-04,P14,1,0.1
256,2024-01-04,P10,1,0.07
257,2024-01-04,P8,2,0.17
258,2024-01-04,P10,4,0.11
259,2024-01-04,P6,1,0.03
260,2024-01-04,P15,1,0.1
261,2024-01-04,P10,2,0.12
262,2024-01-04,P7,1,0
263,2024-01-04,P7,1,0.13
264,2024-01-04,P10,1,0.09
265,2024-01-04,P14,1,0.03
266,2024-01-04,P4,1,0.12
267,2024-01-05,P9,1,0.12
268,2024-01-05,P15,2,0.06
269,2024-01-05,P10,1,0.12
270,2024-01-05,P11,4,0.11
271,2024-01-05,P13,4,0.14
272,2024-01-05,P11,1,0.05
273,2024-01-05,P5,1,0.13
274,2024-01-05,P13,2,0.11
275,2024-01-05,P3,1,0.1
276,2024-01-05,P3,1,0.02
277,2024-01-05,P12,1,0.11
278,2024-01-05,P1,5,0.07
279,2024-01-05,P8,6,0.12
280,2024-01-05,P11,3,0.09
281,2024-01-05,P12,1,0.02
282,2024-01-05,P7,1,0.02
283,2024-01-05,P3,1,0.15
284,2024-01-05,P9,2,0.1
285,2024-01-05,P4,1,0.08
286,2024-01-05,P6,1,0.14
287,2024-01-05,P15,1,0.11
288,2024-01-05,P9,2,0.06
289,2024-01-05,P2,1,0.08
290,2024-01-05,P7,1,0.05
291,2024-01-05,P12,1,0.01
292,2024-01-05,P12,1,0.02
293,2024-01-05,P9,1,0.06
294,2024-01-05,P1,3,0.09
295,2024-01-05,P7,1,0.13
296,2024-01-05,P15,1,0.07
297,2024-01-05,P9,2,0.13
298,2024-01-05,P8,5,0.13
299,2024-01-05,P14,1,0.08
300,2024-01-05,P7,2,0.16
301,2024-01-05,P1,1,0.08
302,2024-01-05,P14,3,0.1
303,2024-01-05,P8,3,0
304,2024-01-05,P13,1,0.07
305,2024-01-05,P12,1,0.1
306,2024-01-05,P5,1,0.14
307,2024-01-05,P9,1,0.1
308,2024-01-05,P6,3,0.09
309,2024-01-05,P12,1,0.1
310,2024-01-05,P15,2,0.14
311,2024-01-05,P9,1,0.12
312,2024-01-05,P5,2,0.11
313,2024-01-05,P10,3,0.09
314,2024-01-05,P11,1,0.09
315,2024-01-05,P14,2,0.03
316,2024-01-05,P2,3,0.02
317,2024-01-05,P15,1,0.04
318,2024-01-05,P4,1,0
319,2024-01-05,P11,1,0.06
320,2024-01-05,P1,1,0.01
321,2024-01-05,P1,2,0.14
322,2024-01-05,P9,2,0.07
323,2024-01-05,P7,2,0.06
324,2024-01-05,P7,1,0.04
325,2024-01-05,P2,1,0.08
326,2024-01-05,P12,2,0.15
327,2024-01-05,P11,1,0.09
328,2024-01-05,P14,1,0
329,2024-01-05,P5,1,0
330,2024-01-05,P6,1,0.2
331,2024-01-05,P13,1,0.09
332,2024-01-05,P9,1,0.12
333,2024-01-05,P6,1,0.08
334,2024-01-05,P8,1,0.07
335,2024-01-05,P9,1,0.07
336,2024-01-05,P5,4,0.14
337,2024-01-05,P10,1,0.09
338,2024-01-05,P5,1,0.08
339,2024-01-05,P15,2,0.04
340,2024-01-05,P12,2,0.04
341,2024-01-05,P13,1,0.13
342,2024-01-05,P1,1,0.04
343,2024-01-05,P3,1,0.1
344,2024-01-05,P13,2,0.03
345,2024-01-05,P5,1,0.01
346,2024-01-05,P10,1,0.11
347,2024-01-05,P1,1,0.14
348,2024-01-05,P9,1,0.05
349,2024-01-05,P10,1,0.18
350,2024-01-05,P8,1,0.1
351,2024-01-05,P13,3,0.11
352,2024-01-05,P2,1,0.1
353,2024-01-05,P13,4,0.05
354,2024-01-05,P3,1,0.03
355,2024-01-05,P6,6,0.15
356,2024-01-05,P1,1,0.07
357,2024-01-05,P14,4,0.1
358,2024-01-05,P3,4,0.05
359,2024-01-05,P6,1,0.1
360,2024-01-06,P12,1,0.21
361,2024-01-06,P6,1,0.15
362,2024-01-06,P13,1,0.04
363,2024-01-06,P6,1,0.04
364,2024-01-06,P15,1,0.07
365,2024-01-06,P15,3,0.12
366,2024-01-06,P15,2,0.16
367,2024-01-06,P13,2,0.05
368,2024-01-06,P11,1,0.12
369,2024-01-06,P11,1,0.1
370,2024-01-06,P1,1,0.08
371,2024-01-06,P10,1,0.05
372,2024-01-06,P14,1,0.12
373,2024-01-06,P15,3,0.04
374,2024-01-06,P2,1,0.07
375,2024-01-06,P1,1,0.11
376,2024-01-06,P10,2,0.15
377,2024-01-06,P5,1,0.08
378,2024-01-06,P8,1,0.11
379,2024-01-06,P2,1,0.01
380,2024-01-06,P15,1,0.15
381,2024-01-06,P8,1,0.2
382,2024-01-06,P8,1,0.11
383,2024-01-06,P15,1,0.09
384,2024-01-06,P13,1,0.13
385,2024-01-06,P9,1,0.06
386,2024-01-06,P15,1,0.11
387,2024-01-06,P11,1,0.08
388,2024-01-06,P1,3,0.07
389,2024-01-06,P9,2,0.2
390,2024-01-06,P11,2,0.11
391,2024-01-06,P3,1,0.04
392,2024-01-06,P3,1,0.11
393,2024-01-06,P12,3,0.09
394,2024-01-06,P13,3,0.08
395,2024-01-06,P2,1,0.12
396,2024-01-06,P14,1,0.16
397,2024-01-06,P3,2,0.04
398,2024-01-06,P4,2,0.13
399,2024-01-06,P11,1,0.1
400,2024-01-06,P6,1,0.15
401,2024-01-06,P7,1,0.08
402,2024-01-06,P5,1,0.05
403,2024-01-06,P6,1,0.13
404,2024-01-06,P3,2,0.05
405,2024-01-06,P10,1,0
406,2024-01-06,P12,1,0
407,2024-01-06,P5,4,0.06
408,2024-01-06,P11,1,0.14
409,2024-01-06,P10,1,0.1
410,2024-01-06,P12,1,0.08
411,2024-01-06,P1,1,0.05
412,2024-01-06,P5,1,0
413,2024-01-06,P2,4,0.05
414,2024-01-06,P9,1,0.12
415,2024-01-06,P11,1,0.16
416,2024-01-06,P15,1,0.14
417,2024-01-06,P11,3,0.07
418,2024-01-06,P10,1,0.12
419,2024-01-06,P15,2,0.14
420,2024-01-06,P8,1,0.01
421,2024-01-06,P9,3,0.08
422,2024-01-06,P1,1,0.16
423,2024-01-06,P15,2,0.15
424,2024-01-06,P3,1,0.08
425,2024-01-06,P2,1,0.04
426,2024-01-06,P4,1,0.11
427,2024-01-06,P15,1,0.15
428,2024-01-06,P13,3,0.16
429,2024-01-06,P5,2,0.05
430,2024-01-06,P6,1,0.1
431,2024-01-06,P4,1,0.1
432,2024-01-06,P8,1,0.09
433,2024-01-06,P1,1,0.11
434,2024-01-06,P15,1,0.04
435,2024-01-06,P5,3,0.06
436,2024-01-06,P4,3,0.16
437,2024-01-06,P7,1,0.2
438,2024-01-06,P11,1,0.15
439,2024-01-06,P9,1,0.17
440,2024-01-06,P12,1,0.14
441,2024-01-06,P4,2,0.09
442,2024-01-06,P7,1,0.04
443,2024-01-06,P1,3,0.15
444,2024-01-06,P5,1,0.1
445,2024-01-06,P2,3,0.08
446,2024-01-06,P2,1,0.04
447,2024-01-06,P8,2,0.05
448,2024-01-06,P12,1,0.05
449,2024-01-06,P9,1,0.14
450,2024-01-06,P11,1,0.08
451,2024-01-06,P13,1,0.07
452,2024-01-06,P8,1,0.14
453,2024-01-06,P12,1,0.13
454,2024-01-06,P5,1,0.09
455,2024-01-06,P12,1,0.01
456,2024-01-06,P9,1,0.1
457,2024-01-07,P5,1,0.08
458,2024-01-07,P6,1,0.09
459,2024-01-07,P2,1,0.1
460,2024-01-07,P6,2,0.16
461,2024-01-07,P8,1,0.06
462,2024-01-07,P8,1,0
463,2024-01-07,P3,1,0.05
464,2024-01-07,P4,1,0.11
465,2024-01-07,P6,1,0.13
466,2024-01-07,P9,1,0.04
467,2024-01-07,P6,2,0.07
468,2024-01-07,P2,3,0.01
469,2024-01-07,P4,1,0.13
470,2024-01-07,P1,1,0.12
471,2024-01-07,P3,1,0.02
472,2024-01-07,P13,1,0.14
473,2024-01-07,P10,2,0.08
474,2024-01-07,P8,1,0.07
475,2024-01-07,P11,1,0.1
476,2024-01-07,P9,2,0.05
477,2024-01-07,P5,1,0.06
478,2024-01-07,P8,1,0.11
479,2024-01-07,P6,1,0.08
480,2024-01-07,P2,3,0.1
481,2024-01-07,P4,1,0.09
482,2024-01-07,P14,1,0.07
483,2024-01-07,P5,1,0.04
484,2024-01-07,P1,1,0.13
485,2024-01-07,P7,1,0.16
486,2024-01-07,P1,2,0.22
487,2024-01-07,P5,1,0.16
488,2024-01-07,P7,1,0.02
489,2024-01-07,P8,2,0.12
490,2024-01-07,P13,1,0.08
491,2024-01-07,P12,1,0.13
492,2024-01-07,P14,1,0.11
493,2024-01-07,P8,3,0.05
494,2024-01-07,P5,1,0.17
495,2024-01-07,P6,1,0.01
496,2024-01-07,P8,1,0.14
497,2024-01-07,P12,1,0.13
498,2024-01-07,P11,1,0.07
499,2024-01-07,P13,1,0.1
500,2024-01-07,P15,1,0.12
501,2024-01-07,P11,1,0.15
502,2024-01-07,P8,2,0.1
503,2024-01-07,P10,1,0.1
504,2024-01-07,P1,1,0.06
505,2024-01-07,P9,1,0.12
506,2024-01-07,P8,2,0.13
507,2024-01-07,P13,3,0.13
508,2024-01-07,P2,1,0.19
509,2024-01-07,P8,1,0.11
510,2024-01-07,P2,1,0.06
511,2024-01-07,P9,1,0.08
512,2024-01-07,P10,3,0.08
513,2024-01-07,P6,1,0.1
514,2024-01-07,P13,1,0.03
515,2024-01-07,P7,3,0.03
516,2024-01-07,P15,1,0.05
517,2024-01-07,P3,1,0.12
518,2024-01-07,P2,1,0.05
519,2024-01-07,P8,1,0.08
520,2024-01-07,P8,1,0.17
521,2024-01-07,P10,1,0.14
522,2024-01-07,P8,1,0.13
523,2024-01-07,P1,1,0.14
524,2024-01-07,P6,1,0.06
525,2024-01-07,P8,1,0.07
526,2024-01-07,P3,1,0.01
527,2024-01-07,P13,1,0.03
528,2024-01-07,P3,1,0.15
529,2024-01-07,P6,1,0.12
530,2024-01-07,P1,1,0.09
531,2024-01-07,P8,1,0.07
532,2024-01-07,P4,1,0.08
533,2024-01-07,P5,1,0.08
534,2024-01-08,P8,1,0.09
535,2024-01-08,P18,1,0.11
536,2024-01-08,P1,1,0.09
537,2024-01-08,P4,1,0.07
538,2024-01-08,P16,1,0.13
539,2024-01-08,P18,3,0.08
540,2024-01-08,P20,1,0.07
541,2024-01-08,P19,3,0.0
542,2024-01-08,P17,3,0.03
543,2024-01-08,P9,1,0.01
544,2024-01-08,P5,2,0.1
545,2024-01-08,P9,1,0.06
546,2024-01-08,P11,1,0.03
547,2024-01-08,P9,2,0.08
548,2024-01-08,P10,3,0.05
549,2024-01-08,P7,1,0.07
550,2024-01-08,P13,3,0.01
551,2024-01-08,P16,1,0.09
552,2024-01-08,P2,4,0.03
553,2024-01-08,P16,1,0.03
554,2024-01-08,P19,1,0.13
555,2024-01-08,P3,3,0.04
556,2024-01-08,P3,1,0.11
557,2024-01-08,P14,3,0.1
558,2024-01-08,P5,1,0.11
559,2024-01-08,P6,2,0.1
560,2024-01-08,P18,1,0.07
561,2024-01-08,P6,1,0.16
562,2024-01-08,P15,2,0.06
563,2024-01-08,P2,1,0.14
564,2024-01-08,P12,1,0.12
565,2024-01-08,P6,1,0.13
566,2024-01-08,P13,2,0.1
567,2024-01-08,P15,1,0.1
568,2024-01-08,P16,1,0.02
569,2024-01-08,P4,1,0.14
570,2024-01-08,P1,1,0.06
571,2024-01-08,P7,1,0.08
572,2024-01-08,P14,1,0.08
573,2024-01-08,P17,4,0.13
574,2024-01-08,P20,1,0.09
575,2024-01-08,P9,1,0.03
576,2024-01-08,P20,1,0.06
577,2024-01-08,P4,1,0.0
578,2024-01-08,P6,1,0.13
579,2024-01-08,P18,1,0.14
580,2024-01-08,P7,1,0.09
581,2024-01-08,P19,1,0.09
582,2024-01-08,P18,1,0.09
583,2024-01-08,P11,2,0.05
584,2024-01-08,P13,1,0.02
585,2024-01-08,P1,1,0.05
586,2024-01-08,P1,3,0.06
587,2024-01-08,P1,1,0.03
588,2024-01-08,P1,1,0.13
589,2024-01-08,P16,1,0.05
590,2024-01-08,P8,1,0.13
591,2024-01-08,P12,1,0.09
592,2024-01-08,P18,1,0.04
593,2024-01-08,P12,1,0.06
594,2024-01-08,P11,2,0.05
595,2024-01-08,P15,1,0.01
596,2024-01-08,P15,1,0.08
597,2024-01-08,P5,1,0.13
598,2024-01-08,P4,3,0.12
599,2024-01-09,P8,1,0.06
600,2024-01-09,P11,1,0.1
601,2024-01-09,P4,3,0.05
602,2024-01-09,P11,2,0.05
603,2024-01-09,P8,1,0.13
604,2024-01-09,P10,1,0.05
605,2024-01-09,P12,3,0.05
606,2024-01-09,P10,1,0.12
607,2024-01-09,P19,1,0.0
608,2024-01-09,P12,1,0.07
609,2024-01-09,P12,2,0.13
610,2024-01-09,P6,2,0.08
611,2024-01-09,P5,1,0.04
612,2024-01-09,P9,5,0.05
613,2024-01-09,P15,1,0.13
614,2024-01-09,P9,1,0.09
615,2024-01-09,P7,1,0.08
616,2024-01-09,P15,2,0.1
617,2024-01-09,P17,1,0.12
618,2024-01-09,P10,1,0.02
619,2024-01-09,P4,1,0.16
620,2024-01-09,P1,2,0.16
621,2024-01-09,P16,1,0.15
622,2024-01-09,P14,1,0.05
623,2024-01-09,P10,1,0.07
624,2024-01-09,P9,2,0.06
625,2024-01-09,P13,3,0.14
626,2024-01-09,P16,1,0.16
627,2024-01-09,P16,2,0.16
628,2024-01-09,P20,1,0.01
629,2024-01-09,P11,3,0.0
630,2024-01-09,P4,1,0.07
631,2024-01-09,P2,1,0.07
632,2024-01-09,P11,1,0.04
633,2024-01-09,P9,4,0.07
634,2024-01-09,P15,4,0.05
635,2024-01-09,P6,1,0.09
636,2024-01-09,P13,2,0.08
637,2024-01-09,P7,1,0.07
638,2024-01-09,P9,1,0.05
639,2024-01-09,P10,2,0.12
640,2024-01-09,P17,3,0.07
641,2024-01-09,P17,1,0.05
642,2024-01-09,P10,1,0.04
643,2024-01-09,P2,1,0.08
644,2024-01-09,P1,2,0.0
645,2024-01-09,P11,2,0.04
646,2024-01-09,P11,1,0.06
647,2024-01-09,P16,3,0.06
648,2024-01-09,P16,1,0.16
649,2024-01-09,P5,1,0.06
650,2024-01-09,P8,1,0.06
651,2024-01-09,P10,1,0.05
652,2024-01-09,P13,3,0.12
653,2024-01-09,P12,1,0.07
654,2024-01-09,P14,2,0.06
655,2024-01-09,P15,1,0.1
656,2024-01-09,P20,1,0.03
657,2024-01-09,P10,1,0.14
658,2024-01-09,P2,1,0.02
659,2024-01-09,P17,1,0.06
660,2024-01-09,P1,1,0.07
661,2024-01-09,P14,1,0.06
662,2024-01-09,P3,3,0.04
663,2024-01-09,P1,3,0.13
664,2024-01-09,P6,1,0.1
665,2024-01-09,P14,1,0.09
666,2024-01-09,P20,1,0.14
667,2024-01-09,P17,1,0.06
668,2024-01-09,P19,1,0.06
669,2024-01-10,P17,1,0.07
670,2024-01-10,P8,2,0.08
671,2024-01-10,P10,3,0.11
672,2024-01-10,P18,1,0.09
673,2024-01-10,P14,2,0.05
674,2024-01-10,P4,1,0.1
675,2024-01-10,P18,1,0.07
676,2024-01-10,P16,3,0.1
677,2024-01-10,P6,1,0.12
678,2024-01-10,P11,1,0.04
679,2024-01-10,P15,1,0.13
680,2024-01-10,P15,2,0.08
681,2024-01-10,P13,4,0.05
682,2024-01-10,P2,1,0.11
683,2024-01-10,P11,3,0.1
684,2024-01-10,P19,1,0.08
685,2024-01-10,P9,1,0.11
686,2024-01-10,P9,1,0.08
687,2024-01-10,P10,1,0.12
688,2024-01-10,P1,3,0.08
689,2024-01-10,P2,1,0.05
690,2024-01-10,P15,1,0.07
691,2024-01-10,P7,1,0.12
692,2024-01-10,P19,2,0.12
693,2024-01-10,P16,1,0.01
694,2024-01-10,P9,2,0.11
695,2024-01-10,P7,1,0.08
696,2024-01-10,P19,3,0.12
697,2024-01-10,P2,1,0.11
698,2024-01-10,P4,1,0.0
699,2024-01-10,P7,1,0.1
700,2024-01-10,P17,1,0.06
701,2024-01-10,P16,1,0.07
702,2024-01-10,P1,1,0.04
703,2024-01-10,P10,1,0.06
704,2024-01-10,P7,3,0.13
705,2024-01-10,P20,1,0.07
706,2024-01-10,P19,1,0.03
707,2024-01-10,P16,2,0.07
708,2024-01-10,P17,1,0.14
709,2024-01-10,P15,2,0.1
710,2024-01-10,P6,1,0.15
711,2024-01-10,P16,1,0.03
712,2024-01-10,P6,1,0.06
713,2024-01-10,P15,2,0.13
714,2024-01-10,P15,1,0.08
715,2024-01-10,P3,1,0.08
716,2024-01-10,P1,1,0.05
717,2024-01-10,P12,3,0.07
718,2024-01-10,P11,1,0.06
719,2024-01-10,P7,3,0.04
720,2024-01-10,P17,2,0.15
721,2024-01-10,P18,1,0.07
722,2024-01-10,P6,3,0.11
723,2024-01-10,P15,2,0.1
724,2024-01-10,P3,1,0.09
725,2024-01-10,P18,1,0.02
726,2024-01-11,P15,2,0.01
727,2024-01-11,P20,1,0.07
728,2024-01-11,P9,1,0.1
729,2024-01-11,P5,1,0.04
730,2024-01-11,P12,1,0.09
731,2024-01-11,P12,1,0.05
732,2024-01-11,P17,1,0.07
733,2024-01-11,P3,1,0.12
734,2024-01-11,P6,1,0.03
735,2024-01-11,P4,1,0.1
736,2024-01-11,P12,5,0.05
737,2024-01-11,P17,1,0.12
738,2024-01-11,P4,3,0.09
739,2024-01-11,P15,1,0.15
740,2024-01-11,P3,1,0.04
741,2024-01-11,P14,2,0.08
742,2024-01-11,P19,2,0.11
743,2024-01-11,P3,1,0.02
744,2024-01-11,P18,2,0.01
745,2024-01-11,P6,2,0.09
746,2024-01-11,P5,4,0.11
747,2024-01-11,P11,1,0.0
748,2024-01-11,P10,2,0.06
749,2024-01-11,P20,1,0.08
750,2024-01-11,P6,1,0.05
751,2024-01-11,P13,1,0.0
752,2024-01-11,P14,2,0.03
753,2024-01-11,P14,3,0.11
754,2024-01-11,P13,1,0.02
755,2024-01-11,P19,1,0.12
756,2024-01-11,P4,2,0.04
757,2024-01-11,P17,3,0.08
758,2024-01-11,P16,1,0.11
759,2024-01-11,P9,1,0.08
760,2024-01-11,P13,1,0.11
761,2024-01-11,P19,1,0.11
762,2024-01-11,P16,2,0.03
763,2024-01-11,P19,1,0.07
764,2024-01-11,P7,1,0.02
765,2024-01-11,P9,2,0.01
766,2024-01-11,P7,2,0.01
767,2024-01-11,P18,1,0.07
768,2024-01-11,P17,1,0.08
769,2024-01-11,P20,4,0.04
770,2024-01-11,P12,2,0.15
771,2024-01-11,P5,1,0.08
772,2024-01-11,P11,1,0.1
773,2024-01-11,P10,1,0.02
774,2024-01-11,P8,1,0.07
775,2024-01-11,P17,1,0.11
776,2024-01-11,P1,1,0.08
777,2024-01-11,P6,1,0.11
778,2024-01-11,P14,2,0.13
779,2024-01-11,P9,1,0.07
780,2024-01-11,P3,2,0.06
781,2024-01-11,P7,1,0.11
782,2024-01-11,P5,1,0.03
783,2024-01-11,P12,1,0.07
784,2024-01-11,P4,1,0.07
785,2024-01-11,P20,2,0.07
786,2024-01-11,P19,3,0.11
787,2024-01-11,P15,2,0.12
788,2024-01-11,P18,3,0.1
789,2024-01-11,P14,1,0.06
790,2024-01-11,P12,1,0.05
791,2024-01-11,P7,1,0.0
792,2024-01-11,P18,1,0.08
793,2024-01-12,P16,1,0.15
794,2024-01-12,P15,1,0.0
795,2024-01-12,P10,1,0.06
796,2024-01-12,P10,1,0.1
797,2024-01-12,P12,1,0.06
798,2024-01-12,P15,1,0.06
799,2024-01-12,P18,1,0.05
800,2024-01-12,P1,1,0.08
801,2024-01-12,P17,4,0.04
802,2024-01-12,P3,1,0.04
803,2024-01-12,P16,1,0.04
804,2024-01-12,P15,1,0.0
805,2024-01-12,P12,1,0.1
806,2024-01-12,P7,2,0.03
807,2024-01-12,P11,1,0.1
808,2024-01-12,P19,2,0.0
809,2024-01-12,P20,1,0.0
810,2024-01-12,P5,2,0.1
811,2024-01-12,P11,1,0.07
812,2024-01-12,P1,1,0.09
813,2024-01-12,P16,1,0.17
814,2024-01-12,P11,1,0.09
815,2024-01-12,P2,1,0.15
816,2024-01-12,P3,1,0.05
817,2024-01-12,P12,1,0.03
818,2024-01-12,P14,3,0.04
819,2024-01-12,P1,1,0.06
820,2024-01-12,P12,1,0.06
821,2024-01-12,P20,4,0.13
822,2024-01-12,P1,1,0.11
823,2024-01-12,P13,1,0.16
824,2024-01-12,P17,1,0.05
825,2024-01-12,P8,1,0.06
826,2024-01-12,P7,1,0.09
827,2024-01-12,P11,3,0.06
828,2024-01-12,P2,1,0.08
829,2024-01-12,P1,1,0.06
830,2024-01-12,P14,4,0.03
831,2024-01-12,P11,1,0.03
832,2024-01-12,P10,1,0.12
833,2024-01-12,P3,1,0.09
834,2024-01-12,P6,1,0.08
835,2024-01-12,P8,1,0.14
836,2024-01-12,P8,1,0.08
837,2024-01-12,P14,2,0.09
838,2024-01-12,P13,4,0.12
839,2024-01-12,P3,1,0.09
840,2024-01-12,P16,2,0.1
841,2024-01-12,P1,3,0.0
842,2024-01-12,P5,2,0.07
843,2024-01-12,P13,3,0.07
844,2024-01-12,P7,1,0.06
845,2024-01-12,P1,1,0.02
846,2024-01-12,P8,1,0.09
847,2024-01-12,P1,1,0.14
848,2024-01-12,P12,1,0.03
849,2024-01-12,P14,1,0.05
850,2024-01-12,P1,1,0.06
851,2024-01-12,P20,2,0.08
852,2024-01-12,P10,1,0.13
853,2024-01-12,P18,2,0.04
854,2024-01-12,P4,1,0.08
855,2024-01-12,P8,3,0.0
856,2024-01-12,P17,3,0.12
857,2024-01-12,P20,1,0.05
858,2024-01-12,P2,1,0.0
859,2024-01-12,P5,2,0.09
860,2024-01-12,P8,1,0.09
861,2024-01-12,P11,4,0.02
862,2024-01-13,P5,1,0.06
863,2024-01-13,P13,4,0.0
864,2024-01-13,P16,2,0.08
865,2024-01-13,P9,1,0.03
866,2024-01-13,P4,1,0.11
867,2024-01-13,P11,3,0.06
868,2024-01-13,P7,2,0.02
869,2024-01-13,P17,6,0.04
870,2024-01-13,P4,2,0.08
871,2024-01-13,P14,1,0.03
872,2024-01-13,P7,1,0.04
873,2024-01-13,P1,1,0.02
874,2024-01-13,P19,1,0.06
875,2024-01-13,P15,3,0.1
876,2024-01-13,P17,1,0.02
877,2024-01-13,P2,1,0.1
878,2024-01-13,P17,1,0.08
879,2024-01-13,P1,1,0.09
880,2024-01-13,P5,1,0.15
881,2024-01-13,P6,1,0.1
882,2024-01-13,P14,1,0.06
883,2024-01-13,P13,2,0.09
884,2024-01-13,P7,1,0.06
885,2024-01-13,P14,3,0.07
886,2024-01-13,P1,1,0.1
887,2024-01-13,P4,1,0.04
888,2024-01-13,P8,5,0.07
889,2024-01-13,P10,1,0.06
890,2024-01-13,P2,1,0.07
891,2024-01-13,P6,1,0.07
892,2024-01-13,P9,5,0.04
893,2024-01-13,P16,2,0.09
894,2024-01-13,P16,2,0.02
895,2024-01-13,P14,1,0.08
896,2024-01-13,P16,1,0.04
897,2024-01-13,P2,1,0.01
898,2024-01-13,P14,1,0.01
899,2024-01-13,P20,3,0.09
900,2024-01-13,P14,2,0.1
901,2024-01-13,P12,5,0.11
902,2024-01-13,P11,1,0.07
903,2024-01-13,P11,1,0.05
904,2024-01-13,P16,1,0.06
905,2024-01-13,P16,1,0.02
906,2024-01-13,P12,1,0.09
907,2024-01-13,P4,1,0.03
908,2024-01-13,P3,1,0.06
909,2024-01-13,P8,1,0.07
910,2024-01-13,P8,1,0.0
911,2024-01-13,P13,1,0.02
912,2024-01-13,P4,1,0.04
913,2024-01-13,P2,5,0.09
914,2024-01-13,P15,1,0.06
915,2024-01-13,P7,1,0.05
916,2024-01-13,P5,1,0.18
917,2024-01-13,P15,1,0.06
918,2024-01-13,P14,1,0.04
919,2024-01-13,P16,2,0.07
920,2024-01-13,P9,1,0.05
921,2024-01-13,P17,1,0.09
922,2024-01-13,P14,3,0.01
923,2024-01-13,P19,1,0.02
924,2024-01-13,P13,3,0.05
925,2024-01-14,P14,6,0.06
926,2024-01-14,P15,1,0.1
927,2024-01-14,P13,1,0.04
928,2024-01-14,P18,1,0.05
929,2024-01-14,P2,1,0.06
930,2024-01-14,P8,2,0.09
931,2024-01-14,P15,3,0.03
932,2024-01-14,P10,1,0.06
933,2024-01-14,P13,1,0.05
934,2024-01-14,P12,1,0.06
935,2024-01-14,P5,2,0.04
936,2024-01-14,P11,1,0.1
937,2024-01-14,P12,1,0.11
938,2024-01-14,P6,2,0.05
939,2024-01-14,P3,1,0.0
940,2024-01-14,P17,1,0.13
941,2024-01-14,P2,3,0.03
942,2024-01-14,P17,1,0.07
943,2024-01-14,P15,1,0.02
944,2024-01-14,P14,1,0.08
945,2024-01-14,P5,1,0.05
946,2024-01-14,P11,1,0.01
947,2024-01-14,P11,1,0.12
948,2024-01-14,P16,1,0.08
949,2024-01-14,P18,1,0.12
950,2024-01-14,P6,1,0.06
951,2024-01-14,P1,1,0.04
952,2024-01-14,P18,1,0.09
953,2024-01-14,P3,2,0.07
954,2024-01-14,P2,1,0.07
955,2024-01-14,P8,3,0.07
956,2024-01-14,P5,1,0.04
957,2024-01-14,P2,3,0.07
958,2024-01-14,P13,1,0.08
959,2024-01-14,P13,2,0.06
960,2024-01-14,P4,2,0.04
961,2024-01-14,P13,1,0.11
962,2024-01-14,P15,1,0.0
963,2024-01-14,P19,1,0.06
964,2024-01-14,P5,1,0.02
965,2024-01-14,P1,5,0.08
966,2024-01-14,P13,1,0.09
967,2024-01-14,P16,3,0.13
968,2024-01-14,P3,3,0.13
969,2024-01-14,P2,2,0.06
970,2024-01-14,P14,1,0.04
971,2024-01-14,P19,1,0.03
972,2024-01-14,P3,1,0.04
973,2024-01-14,P10,3,0.07
974,2024-01-14,P20,1,0.1
975,2024-01-14,P1,5,0.08
976,2024-01-14,P3,2,0.06
977,2024-01-14,P12,3,0.02
978,2024-01-14,P17,2,0.08
979,2024-01-14,P4,1,0.02
980,2024-01-14,P1,1,0.13
981,2024-01-14,P20,3,0.05
982,2024-01-14,P4,2,0.01
983,2024-01-14,P11,1,0.12
984,2024-01-14,P11,1,0.06
985,2024-01-14,P14,1,0.1
986,2024-01-14,P2,1,0.03
987,2024-01-14,P16,1,0.1
988,2024-01-14,P20,1,0.04
989,2024-01-14,P6,4,0.1
990,2024-01-14,P6,1,0.06
991,2024-01-14,P15,2,0.02
992,2024-01-14,P8,1,0.01
993,2024-01-14,P17,2,0.05
994,2024-01-14,P19,1,0.06
995,2024-01-14,P17,1,0.0
996,2024-01-14,P11,1,0.01
997,2024-01-14,P15,1,0.08
998,2024-01-14,P5,1,0.04
999,2024-01-14,P13,1,0.1
1000,2024-01-14,P2,1,0.11
1001,2024-01-14,P11,1,0.03
1002,2024-01-14,P3,1,0.13
1003,2024-01-15,P5,1,0.05
1004,2024-01-15,P18,2,0.04
1005,2024-01-15,P10,1,0.12
1006,2024-01-15,P13,4,0.05
1007,2024-01-15,P17,1,0.1
1008,2024-01-15,P19,1,0.1
1009,2024-01-15,P9,1,0.1
1010,2024-01-15,P16,3,0.03
1011,2024-01-15,P9,1,0.09
1012,2024-01-15,P11,1,0.0
1013,2024-01-15,P13,2,0.14
1014,2024-01-15,P2,1,0.08
1015,2024-01-15,P7,1,0.1
1016,2024-01-15,P2,3,0.04
1017,2024-01-15,P12,1,0.08
1018,2024-01-15,P2,1,0.13
1019,2024-01-15,P11,1,0.02
1020,2024-01-15,P19,2,0.03
1021,2024-01-15,P7,1,0.08
1022,2024-01-15,P16,1,0.08
1023,2024-01-15,P6,2,0.1
1024,2024-01-15,P20,1,0.08
1025,2024-01-15,P10,2,0.13
1026,2024-01-15,P13,1,0.04
1027,2024-01-15,P11,1,0.08
1028,2024-01-15,P2,3,0.09
1029,2024-01-15,P19,3,0.07
1030,2024-01-15,P18,1,0.1
1031,2024-01-15,P1,2,0.05
1032,2024-01-15,P17,1,0.02
1033,2024-01-15,P1,1,0.08
1034,2024-01-15,P6,3,0.12
1035,2024-01-15,P3,3,0.09
1036,2024-01-15,P20,1,0.11
1037,2024-01-15,P17,1,0.04
1038,2024-01-15,P11,5,0.1
1039,2024-01-15,P16,5,0.08
1040,2024-01-15,P2,1,0.07
1041,2024-01-15,P2,1,0.1
1042,2024-01-15,P4,3,0.11
1043,2024-01-15,P11,1,0.1
1044,2024-01-15,P12,2,0.05
1045,2024-01-15,P18,1,0.08
1046,2024-01-15,P8,1,0.0
1047,2024-01-15,P14,1,0.15
1048,2024-01-15,P1,1,0.06
1049,2024-01-15,P12,1,0.01
1050,2024-01-15,P18,1,0.04
1051,2024-01-15,P13,5,0.07
1052,2024-01-15,P18,3,0.1
1053,2024-01-15,P19,4,0.1
1054,2024-01-15,P19,1,0.02
1055,2024-01-15,P18,3,0.09
1056,2024-01-15,P4,1,0.06
1057,2024-01-15,P19,3,0.09
1058,2024-01-15,P3,1,0.07
1059,2024-01-15,P9,1,0.13
1060,2024-01-15,P13,1,0.01
1061,2024-01-15,P12,1,0.08
1062,2024-01-15,P20,1,0.11
1063,2024-01-15,P8,1,0.03
1064,2024-01-15,P5,1,0.09
1065,2024-01-15,P18,2,0.15
1066,2024-01-15,P7,1,0.07
1067,2024-01-15,P15,2,0.07
1068,2024-01-16,P5,2,0.02
1069,2024-01-16,P10,2,0.01
1070,2024-01-16,P1,1,0.06
1071,2024-01-16,P10,3,0.15
1072,2024-01-16,P13,1,0.04
1073,2024-01-16,P2,3,0.11
1074,2024-01-16,P4,4,0.08
1075,2024-01-16,P17,2,0.04
1076,2024-01-16,P1,1,0.09
1077,2024-01-16,P14,1,0.04
1078,2024-01-16,P17,1,0.16
1079,2024-01-16,P5,1,0.11
1080,2024-01-16,P2,4,0.1
1081,2024-01-16,P19,3,0.04
1082,2024-01-16,P12,1,0.06
1083,2024-01-16,P1,2,0.02
1084,2024-01-16,P5,1,0.15
1085,2024-01-16,P9,1,0.14
1086,2024-01-16,P14,1,0.13
1087,2024-01-16,P1,2,0.07
1088,2024-01-16,P18,1,0.08
1089,2024-01-16,P15,1,0.0
1090,2024-01-16,P17,1,0.07
1091,2024-01-16,P9,1,0.1
1092,2024-01-16,P1,2,0.1
1093,2024-01-16,P7,1,0.05
1094,2024-01-16,P5,1,0.03
1095,2024-01-16,P14,2,0.09
1096,2024-01-16,P12,1,0.11
1097,2024-01-16,P17,4,0.01
1098,2024-01-16,P5,1,0.08
1099,2024-01-16,P4,1,0.09
1100,2024-01-16,P18,3,0.02
1101,2024-01-16,P1,2,0.07
1102,2024-01-16,P19,2,0.05
1103,2024-01-16,P8,2,0.06
1104,2024-01-16,P13,1,0.05
1105,2024-01-16,P4,1,0.07
1106,2024-01-16,P11,1,0.0
1107,2024-01-16,P20,3,0.1
1108,2024-01-16,P1,1,0.07
1109,2024-01-16,P7,1,0.05
1110,2024-01-16,P14,1,0.09
1111,2024-01-16,P2,1,0.11
1112,2024-01-16,P11,4,0.09
1113,2024-01-16,P1,3,0.1
1114,2024-01-16,P4,1,0.08
1115,2024-01-16,P1,1,0.07
1116,2024-01-16,P1,1,0.09
1117,2024-01-16,P11,2,0.14
1118,2024-01-16,P16,1,0.05
1119,2024-01-16,P17,1,0.1
1120,2024-01-16,P9,1,0.13
1121,2024-01-16,P14,3,0.09
1122,2024-01-16,P7,1,0.12
1123,2024-01-16,P15,1,0.12
1124,2024-01-16,P7,1,0.07
1125,2024-01-16,P8,1,0.05
1126,2024-01-16,P18,4,0.06
1127,2024-01-16,P18,2,0.11
1128,2024-01-16,P12,1,0.11
1129,2024-01-16,P7,2,0.03
1130,2024-01-16,P6,1,0.04
1131,2024-01-16,P8,3,0.04
1132,2024-01-16,P8,1,0.05
1133,2024-01-16,P4,3,0.07
1134,2024-01-16,P7,1,0.1
1135,2024-01-16,P12,1,0.09
1136,2024-01-16,P3,2,0.06
1137,2024-01-16,P3,1,0.11
1138,2024-01-16,P15,2,0.11
1139,2024-01-16,P14,1,0.05
1140,2024-01-16,P1,1,0.07
1141,2024-01-16,P14,1,0.05
1142,2024-01-17,P10,1,0.09
1143,2024-01-17,P1,1,0.15
1144,2024-01-17,P15,1,0.09
1145,2024-01-17,P1,1,0.0
1146,2024-01-17,P14,2,0.06
1147,2024-01-17,P5,1,0.13
1148,2024-01-17,P3,1,0.05
1149,2024-01-17,P12,3,0.02
1150,2024-01-17,P19,1,0.09
1151,2024-01-17,P19,1,0.13
1152,2024-01-17,P1,2,0.11
1153,2024-01-17,P1,1,0.04
1154,2024-01-17,P8,1,0.13
1155,2024-01-17,P3,1,0.06
1156,2024-01-17,P2,1,0.01
1157,2024-01-17,P20,1,0.06
1158,2024-01-17,P9,1,0.01
1159,2024-01-17,P13,1,0.01
1160,2024-01-17,P7,2,0.02
1161,2024-01-17,P2,1,0.03
1162,2024-01-17,P17,2,0.1
1163,2024-01-17,P8,1,0.04
1164,2024-01-17,P16,1,0.08
1165,2024-01-17,P8,1,0.0
1166,2024-01-17,P13,1,0.11
1167,2024-01-17,P2,1,0.12
1168,2024-01-17,P14,1,0.06
1169,2024-01-17,P18,1,0.07
1170,2024-01-17,P11,1,0.03
1171,2024-01-17,P18,1,0.07
1172,2024-01-17,P19,1,0.09
1173,2024-01-17,P2,1,0.17
1174,2024-01-17,P20,1,0.09
1175,2024-01-17,P8,2,0.01
1176,2024-01-17,P13,3,0.05
1177,2024-01-17,P15,1,0.05
1178,2024-01-17,P20,5,0.08
1179,2024-01-17,P9,1,0.04
1180,2024-01-17,P6,1,0.02
1181,2024-01-17,P20,1,0.09
1182,2024-01-17,P16,4,0.02
1183,2024-01-17,P5,1,0.12
1184,2024-01-17,P6,2,0.06
1185,2024-01-17,P16,2,0.03
1186,2024-01-17,P11,1,0.06
1187,2024-01-17,P3,1,0.09
1188,2024-01-17,P4,1,0.06
1189,2024-01-17,P7,1,0.14
1190,2024-01-17,P14,1,0.14
1191,2024-01-17,P3,2,0.01
1192,2024-01-17,P3,4,0.1
1193,2024-01-17,P16,2,0.13
1194,2024-01-17,P10,1,0.05
1195,2024-01-17,P1,1,0.05
1196,2024-01-17,P1,1,0.07
1197,2024-01-17,P4,3,0.08
1198,2024-01-17,P18,3,0.13
1199,2024-01-17,P20,1,0.1
1200,2024-01-17,P16,1,0.08
1201,2024-01-17,P5,1,0.01
1202,2024-01-18,P8,3,0.05
1203,2024-01-18,P18,4,0.08
1204,2024-01-18,P18,1,0.06
1205,2024-01-18,P16,1,0.07
1206,2024-01-18,P8,1,0.03
1207,2024-01-18,P3,1,0.09
1208,2024-01-18,P14,1,0.12
1209,2024-01-18,P20,2,0.04
1210,2024-01-18,P13,1,0.09
1211,2024-01-18,P1,4,0.05
1212,2024-01-18,P10,1,0.08
1213,2024-01-18,P7,1,0.14
1214,2024-01-18,P18,1,0.12
1215,2024-01-18,P3,1,0.09
1216,2024-01-18,P19,1,0.04
1217,2024-01-18,P20,2,0.06
1218,2024-01-18,P11,1,0.0
1219,2024-01-18,P18,1,0.09
1220,2024-01-18,P12,1,0.1
1221,2024-01-18,P13,4,0.06
1222,2024-01-18,P15,2,0.06
1223,2024-01-18,P11,2,0.0
1224,2024-01-18,P18,1,0.02
1225,2024-01-18,P2,3,0.07
1226,2024-01-18,P20,3,0.12
1227,2024-01-18,P14,4,0.0
1228,2024-01-18,P17,1,0.09
1229,2024-01-18,P16,2,0.04
1230,2024-01-18,P16,1,0.11
1231,2024-01-18,P17,1,0.03
1232,2024-01-18,P5,1,0.15
1233,2024-01-18,P19,1,0.07
1234,2024-01-18,P12,2,0.07
1235,2024-01-18,P9,2,0.01
1236,2024-01-18,P3,4,0.06
1237,2024-01-18,P5,1,0.05
1238,2024-01-18,P15,1,0.14
1239,2024-01-18,P6,1,0.06
1240,2024-01-18,P18,1,0.09
1241,2024-01-18,P10,1,0.13
1242,2024-01-18,P11,1,0.14
1243,2024-01-18,P19,1,0.12
1244,2024-01-18,P9,1,0.04
1245,2024-01-18,P12,1,0.05
1246,2024-01-18,P7,1,0.06
1247,2024-01-18,P13,1,0.05
1248,2024-01-18,P5,1,0.12
1249,2024-01-18,P13,1,0.09
1250,2024-01-18,P12,1,0.04
1251,2024-01-18,P12,2,0.03
1252,2024-01-18,P14,1,0.13
1253,2024-01-18,P12,2,0.09
1254,2024-01-18,P14,1,0.12
1255,2024-01-18,P19,1,0.15
1256,2024-01-18,P12,3,0.12
1257,2024-01-18,P20,1,0.09
1258,2024-01-18,P20,1,0.1
1259,2024-01-18,P12,1,0.08
1260,2024-01-18,P9,1,0.08
1261,2024-01-18,P11,1,0.06
1262,2024-01-18,P4,1,0.07
1263,2024-01-18,P18,1,0.09
1264,2024-01-18,P3,1,0.06
1265,2024-01-18,P5,1,0.11
1266,2024-01-18,P15,1,0.07
1267,2024-01-19,P12,1,0.08
1268,2024-01-19,P3,1,0.08
1269,2024-01-19,P13,4,0.15
1270,2024-01-19,P4,1,0.06
1271,2024-01-19,P18,1,0.12
1272,2024-01-19,P1,4,0.0
1273,2024-01-19,P20,1,0.1
1274,2024-01-19,P16,1,0.1
1275,2024-01-19,P5,3,0.14
1276,2024-01-19,P11,1,0.09
1277,2024-01-19,P13,1,0.09
1278,2024-01-19,P11,1,0.08
1279,2024-01-19,P14,2,0.02
1280,2024-01-19,P11,1,0.07
1281,2024-01-19,P12,2,0.06
1282,2024-01-19,P15,1,0.05
1283,2024-01-19,P6,1,0.06
1284,2024-01-19,P11,1,0.08
1285,2024-01-19,P18,1,0.13
1286,2024-01-19,P11,1,0.09
1287,2024-01-19,P18,2,0.11
1288,2024-01-19,P9,1,0.08
1289,2024-01-19,P12,1,0.12
1290,2024-01-19,P19,1,0.13
1291,2024-01-19,P19,1,0.07
1292,2024-01-19,P18,1,0.08
1293,2024-01-19,P18,1,0.08
1294,2024-01-19,P18,1,0.08
1295,2024-01-19,P17,1,0.15
1296,2024-01-19,P16,4,0.09
1297,2024-01-19,P15,1,0.04
1298,2024-01-19,P2,1,0.09
1299,2024-01-19,P12,1,0.05
1300,2024-01-19,P1,1,0.08
1301,2024-01-19,P12,1,0.05
1302,2024-01-19,P3,1,0.1
1303,2024-01-19,P6,1,0.09
1304,2024-01-19,P11,1,0.08
1305,2024-01-19,P5,1,0.04
1306,2024-01-19,P15,1,0.09
1307,2024-01-19,P5,2,0.08
1308,2024-01-19,P10,3,0.12
1309,2024-01-19,P19,5,0.08
1310,2024-01-19,P11,2,0.06
1311,2024-01-19,P17,1,0.04
1312,2024-01-19,P2,3,0.08
1313,2024-01-19,P16,1,0.08
1314,2024-01-19,P18,2,0.12
1315,2024-01-19,P11,3,0.08
1316,2024-01-19,P13,1,0.08
1317,2024-01-19,P19,1,0.1
1318,2024-01-19,P13,3,0.06
1319,2024-01-19,P15,2,0.09
1320,2024-01-19,P2,1,0.04
1321,2024-01-19,P11,4,0.08
1322,2024-01-19,P18,1,0.0
1323,2024-01-19,P14,1,0.09
1324,2024-01-19,P18,4,0.04
1325,2024-01-19,P7,3,0.0
1326,2024-01-19,P3,2,0.05
1327,2024-01-19,P12,1,0.12
1328,2024-01-19,P13,1,0.18
1329,2024-01-19,P15,3,0.11
1330,2024-01-20,P4,3,0.07
1331,2024-01-20,P4,1,0.05
1332,2024-01-20,P8,1,0.11
1333,2024-01-20,P11,3,0.06
1334,2024-01-20,P7,1,0.13
1335,2024-01-20,P18,1,0.04
1336,2024-01-20,P20,1,0.09
1337,2024-01-20,P19,1,0.12
1338,2024-01-20,P12,1,0.15
1339,2024-01-20,P13,1,0.06
1340,2024-01-20,P8,1,0.02
1341,2024-01-20,P20,1,0.09
1342,2024-01-20,P13,1,0.06
1343,2024-01-20,P13,1,0.06
1344,2024-01-20,P1,1,0.14
1345,2024-01-20,P13,1,0.12
1346,2024-01-20,P15,2,0.15
1347,2024-01-20,P20,2,0.07
1348,2024-01-20,P4,1,0.08
1349,2024-01-20,P3,3,0.07
1350,2024-01-20,P6,1,0.05
1351,2024-01-20,P7,2,0.11
1352,2024-01-20,P11,1,0.08
1353,2024-01-20,P20,1,0.03
1354,2024-01-20,P14,1,0.08
1355,2024-01-20,P14,1,0.09
1356,2024-01-20,P12,3,0.03
1357,2024-01-20,P12,1,0.07
1358,2024-01-20,P19,1,0.07
1359,2024-01-20,P5,1,0.13
1360,2024-01-20,P14,1,0.06
1361,2024-01-20,P8,1,0.0
1362,2024-01-20,P5,1,0.12
1363,2024-01-20,P3,1,0.17
1364,2024-01-20,P13,1,0.06
1365,2024-01-20,P11,1,0.03
1366,2024-01-20,P16,3,0.09
1367,2024-01-20,P18,1,0.08
1368,2024-01-20,P7,1,0.07
1369,2024-01-20,P8,4,0.02
1370,2024-01-20,P18,1,0.03
1371,2024-01-20,P20,1,0.12
1372,2024-01-20,P18,3,0.15
1373,2024-01-20,P16,1,0.03
1374,2024-01-20,P2,1,0.01
1375,2024-01-20,P9,4,0.07
1376,2024-01-20,P5,1,0.04
1377,2024-01-20,P10,1,0.14
1378,2024-01-20,P4,1,0.02
1379,2024-01-20,P11,6,0.12
1380,2024-01-20,P6,1,0.12
1381,2024-01-20,P4,1,0.05
1382,2024-01-20,P15,1,0.09
1383,2024-01-20,P17,4,0.07
1384,2024-01-20,P20,2,0.12
1385,2024-01-20,P13,1,0.07
1386,2024-01-20,P10,1,0.07
1387,2024-01-20,P11,1,0.06
1388,2024-01-20,P8,4,0.04
1389,2024-01-20,P15,3,0.04
1390,2024-01-20,P20,1,0.05
1391,2024-01-20,P20,2,0.12
1392,2024-01-20,P15,2,0.11
1393,2024-01-20,P18,1,0.05
1394,2024-01-20,P1,1,0.08
1395,2024-01-20,P6,4,0.08
1396,2024-01-20,P20,4,0.07
1397,2024-01-20,P18,1,0.1
1398,2024-01-20,P11,1,0.05
1399,2024-01-21,P2,1,0.08
1400,2024-01-21,P19,1,0.06
1401,2024-01-21,P18,1,0.14
1402,2024-01-21,P19,1,0.07
1403,2024-01-21,P4,1,0.1
1404,2024-01-21,P18,2,0.08
1405,2024-01-21,P14,1,0.06
1406,2024-01-21,P6,1,0.06
1407,2024-01-21,P1,1,0.12
1408,2024-01-21,P4,3,0.12
1409,2024-01-21,P14,1,0.04
1410,2024-01-21,P11,1,0.0
1411,2024-01-21,P15,1,0.05
1412,2024-01-21,P4,1,0.02
1413,2024-01-21,P11,1,0.05
1414,2024-01-21,P17,1,0.16
1415,2024-01-21,P8,1,0.09
1416,2024-01-21,P19,2,0.1
1417,2024-01-21,P11,1,0.0
1418,2024-01-21,P17,1,0.05
1419,2024-01-21,P3,3,0.04
1420,2024-01-21,P4,1,0.0
1421,2024-01-21,P18,2,0.05
1422,2024-01-21,P15,1,0.11
1423,2024-01-21,P11,1,0.06
1424,2024-01-21,P16,3,0.07
1425,2024-01-21,P16,1,0.06
1426,2024-01-21,P6,1,0.09
1427,2024-01-21,P4,1,0.12
1428,2024-01-21,P1,1,0.08
1429,2024-01-21,P11,1,0.14
1430,2024-01-21,P1,1,0.1
1431,2024-01-21,P13,1,0.06
1432,2024-01-21,P6,1,0.09
1433,2024-01-21,P7,1,0.04
1434,2024-01-21,P8,1,0.03
1435,2024-01-21,P1,6,0.01
1436,2024-01-21,P4,1,0.05
1437,2024-01-21,P13,1,0.07
1438,2024-01-21,P10,1,0.11
1439,2024-01-21,P14,4,0.03
1440,2024-01-21,P2,2,0.1
1441,2024-01-21,P20,2,0.12
1442,2024-01-21,P5,1,0.1
1443,2024-01-21,P14,2,0.12
1444,2024-01-21,P4,1,0.11
1445,2024-01-21,P18,1,0.02
1446,2024-01-21,P5,2,0.12
1447,2024-01-21,P18,2,0.07
1448,2024-01-21,P8,4,0.05
1449,2024-01-21,P10,2,0.0
1450,2024-01-21,P11,2,0.1
1451,2024-01-21,P6,1,0.09
1452,2024-01-21,P13,1,0.08
1453,2024-01-21,P8,1,0.07
1454,2024-01-21,P10,1,0.04
1455,2024-01-21,P19,1,0.06
1456,2024-01-21,P7,2,0.09
1457,2024-01-21,P15,2,0.09
1458,2024-01-21,P9,2,0.07
1459,2024-01-21,P17,5,0.0
1460,2024-01-21,P18,6,0.12
1461,2024-01-21,P7,1,0.02
1462,2024-01-22,P7,2,0.11
1463,2024-01-22,P19,3,0.22
1464,2024-01-22,P8,2,0.07
1465,2024-01-22,P14,1,0.08
1466,2024-01-22,P7,1,0.01
1467,2024-01-22,P13,1,0.04
1468,2024-01-22,P4,4,0.0
1469,2024-01-22,P20,1,0.07
1470,2024-01-22,P2,1,0.05
1471,2024-01-22,P13,1,0.1
1472,2024-01-22,P20,1,0.04
1473,2024-01-22,P15,1,0.1
1474,2024-01-22,P14,1,0.04
1475,2024-01-22,P5,1,0.07
1476,2024-01-22,P18,1,0.06
1477,2024-01-22,P2,1,0.12
1478,2024-01-22,P18,3,0.09
1479,2024-01-22,P9,1,0.05
1480,2024-01-22,P4,1,0.05
1481,2024-01-22,P13,4,0.06
1482,2024-01-22,P11,1,0.12
1483,2024-01-22,P20,2,0.03
1484,2024-01-22,P8,2,0.05
1485,2024-01-22,P14,1,0.04
1486,2024-01-22,P8,1,0.06
1487,2024-01-22,P12,1,0.15
1488,2024-01-22,P7,1,0.06
1489,2024-01-22,P16,1,0.06
1490,2024-01-22,P7,2,0.1
1491,2024-01-22,P7,3,0.09
1492,2024-01-22,P11,1,0.07
1493,2024-01-22,P3,1,0.12
1494,2024-01-22,P12,1,0.11
1495,2024-01-22,P15,2,0.11
1496,2024-01-22,P19,2,0.03
1497,2024-01-22,P8,1,0.07
1498,2024-01-22,P3,1,0.09
1499,2024-01-22,P15,2,0.07
1500,2024-01-22,P7,1,0.1
1501,2024-01-22,P20,5,0.06
1502,2024-01-22,P7,1,0.09
1503,2024-01-22,P6,1,0.05
1504,2024-01-22,P18,1,0.07
1505,2024-01-22,P12,1,0.11
1506,2024-01-22,P2,1,0.11
1507,2024-01-22,P10,2,0.09
1508,2024-01-22,P17,1,0.08
1509,2024-01-22,P4,1,0.1
1510,2024-01-22,P4,4,0.09
1511,2024-01-22,P7,1,0.04
1512,2024-01-22,P6,1,0.02
1513,2024-01-22,P7,2,0.05
1514,2024-01-22,P6,1,0.07
1515,2024-01-22,P10,1,0.03
1516,2024-01-22,P2,4,0.08
1517,2024-01-22,P4,1,0.07
1518,2024-01-22,P11,1,0.11
1519,2024-01-22,P13,1,0.1
1520,2024-01-22,P12,2,0.08
1521,2024-01-22,P16,2,0.11
1522,2024-01-22,P12,1,0.14
1523,2024-01-22,P9,4,0.05
1524,2024-01-22,P16,1,0.11
1525,2024-01-22,P18,1,0.1
1526,2024-01-22,P7,1,0.08
1527,2024-01-23,P4,2,0.09
1528,2024-01-23,P20,2,0.06
1529,2024-01-23,P13,1,0.0
1530,2024-01-23,P12,1,0.08
1531,2024-01-23,P8,1,0.13
1532,2024-01-23,P12,1,0.07
1533,2024-01-23,P1,1,0.1
1534,2024-01-23,P15,2,0.1
1535,2024-01-23,P9,1,0.01
1536,2024-01-23,P9,1,0.09
1537,2024-01-23,P16,1,0.09
1538,2024-01-23,P12,4,0.06
1539,2024-01-23,P14,1,0.04
1540,2024-01-23,P1,2,0.1
1541,2024-01-23,P14,1,0.08
1542,2024-01-23,P20,2,0.02
1543,2024-01-23,P19,1,0.11
1544,2024-01-23,P9,1,0.06
1545,2024-01-23,P13,1,0.06
1546,2024-01-23,P8,2,0.07
1547,2024-01-23,P12,1,0.11
1548,2024-01-23,P3,1,0.04
1549,2024-01-23,P12,1,0.08
1550,2024-01-23,P10,3,0.02
1551,2024-01-23,P15,2,0.03
1552,2024-01-23,P15,2,0.07
1553,2024-01-23,P11,1,0.07
1554,2024-01-23,P12,3,0.1
1555,2024-01-23,P1,1,0.01
1556,2024-01-23,P9,1,0.05
1557,2024-01-23,P3,3,0.1
1558,2024-01-23,P11,1,0.12
1559,2024-01-23,P20,1,0.1
1560,2024-01-23,P8,6,0.06
1561,2024-01-23,P15,1,0.0
1562,2024-01-23,P6,2,0.14
1563,2024-01-23,P20,1,0.08
1564,2024-01-23,P14,1,0.0
1565,2024-01-23,P9,1,0.11
1566,2024-01-23,P14,5,0.12
1567,2024-01-23,P2,1,0.02
1568,2024-01-23,P2,1,0.1
1569,2024-01-23,P13,1,0.14
1570,2024-01-23,P11,1,0.08
1571,2024-01-23,P3,3,0.12
1572,2024-01-23,P16,3,0.16
1573,2024-01-23,P19,1,0.08
1574,2024-01-23,P14,5,0.02
1575,2024-01-23,P2,1,0.1
1576,2024-01-23,P15,1,0.06
1577,2024-01-23,P10,1,0.04
1578,2024-01-23,P8,1,0.13
1579,2024-01-23,P19,1,0.05
1580,2024-01-23,P6,1,0.0
1581,2024-01-23,P1,1,0.02
1582,2024-01-23,P11,1,0.14
1583,2024-01-23,P5,1,0.05
1584,2024-01-23,P4,1,0.04
1585,2024-01-24,P11,1,0.07
1586,2024-01-24,P9,1,0.02
1587,2024-01-24,P14,1,0.03
1588,2024-01-24,P15,1,0.03
1589,2024-01-24,P16,1,0.13
1590,2024-01-24,P5,1,0.07
1591,2024-01-24,P10,1,0.03
1592,2024-01-24,P8,1,0.06
1593,2024-01-24,P12,2,0.11
1594,2024-01-24,P10,2,0.13
1595,2024-01-24,P10,1,0.1
1596,2024-01-24,P9,2,0.04
1597,2024-01-24,P15,2,0.09
1598,2024-01-24,P2,3,0.09
1599,2024-01-24,P7,1,0.07
1600,2024-01-24,P19,2,0.08
1601,2024-01-24,P12,2,0.07
1602,2024-01-24,P16,2,0.12
1603,2024-01-24,P8,2,0.09
1604,2024-01-24,P10,1,0.09
1605,2024-01-24,P13,3,0.0
1606,2024-01-24,P13,1,0.07
1607,2024-01-24,P6,1,0.08
1608,2024-01-24,P19,2,0.06
1609,2024-01-24,P9,1,0.06
1610,2024-01-24,P19,1,0.1
1611,2024-01-24,P3,1,0.05
1612,2024-01-24,P11,1,0.02
1613,2024-01-24,P13,1,0.1
1614,2024-01-24,P11,1,0.14
1615,2024-01-24,P9,2,0.13
1616,2024-01-24,P20,1,0.06
1617,2024-01-24,P19,3,0.08
1618,2024-01-24,P16,1,0.02
1619,2024-01-24,P4,1,0.0
1620,2024-01-24,P6,3,0.05
1621,2024-01-24,P14,1,0.14
1622,2024-01-24,P13,1,0.04
1623,2024-01-24,P14,3,0.03
1624,2024-01-24,P20,4,0.17
1625,2024-01-24,P19,1,0.09
1626,2024-01-24,P5,1,0.04
1627,2024-01-24,P20,2,0.08
1628,2024-01-24,P18,4,0.03
1629,2024-01-24,P14,1,0.03
1630,2024-01-24,P18,1,0.06
1631,2024-01-24,P19,1,0.09
1632,2024-01-24,P10,2,0.07
1633,2024-01-24,P16,2,0.08
1634,2024-01-24,P6,1,0.0
1635,2024-01-24,P8,1,0.04
1636,2024-01-24,P17,2,0.12
1637,2024-01-24,P15,2,0.06
1638,2024-01-24,P4,1,0.05
1639,2024-01-24,P4,1,0.09
1640,2024-01-24,P2,1,0.02
1641,2024-01-24,P18,4,0.13
1642,2024-01-24,P3,5,0.06
1643,2024-01-24,P18,3,0.06
1644,2024-01-24,P16,1,0.0
1645,2024-01-24,P7,1,0.13
1646,2024-01-24,P4,3,0.01
1647,2024-01-24,P11,3,0.08
1648,2024-01-24,P10,4,0.07
1649,2024-01-24,P11,1,0.13
1650,2024-01-24,P8,2,0.08
1651,2024-01-24,P11,3,0.06
1652,2024-01-24,P5,1,0.04
1653,2024-01-24,P7,2,0.05
1654,2024-01-24,P7,3,0.09
1655,2024-01-24,P11,2,0.07
1656,2024-01-25,P6,1,0.15
1657,2024-01-25,P8,3,0.13
1658,2024-01-25,P7,1,0.0
1659,2024-01-25,P19,1,0.02
1660,2024-01-25,P9,3,0.1
1661,2024-01-25,P19,1,0.1
1662,2024-01-25,P10,1,0.11
1663,2024-01-25,P20,1,0.03
1664,2024-01-25,P19,1,0.1
1665,2024-01-25,P2,2,0.04
1666,2024-01-25,P8,1,0.01
1667,2024-01-25,P13,1,0.11
1668,2024-01-25,P5,1,0.15
1669,2024-01-25,P13,4,0.03
1670,2024-01-25,P19,1,0.08
1671,2024-01-25,P14,1,0.12
1672,2024-01-25,P9,4,0.09
1673,2024-01-25,P20,1,0.09
1674,2024-01-25,P11,3,0.1
1675,2024-01-25,P14,1,0.08
1676,2024-01-25,P20,3,0.12
1677,2024-01-25,P13,2,0.11
1678,2024-01-25,P3,1,0.1
1679,2024-01-25,P8,1,0.01
1680,2024-01-25,P9,1,0.12
1681,2024-01-25,P10,1,0.07
1682,2024-01-25,P6,1,0.09
1683,2024-01-25,P5,1,0.1
1684,2024-01-25,P3,1,0.02
1685,2024-01-25,P19,1,0.01
1686,2024-01-25,P8,2,0.08
1687,2024-01-25,P17,2,0.09
1688,2024-01-25,P13,2,0.07
1689,2024-01-25,P20,1,0.1
1690,2024-01-25,P9,1,0.1
1691,2024-01-25,P8,1,0.06
1692,2024-01-25,P7,1,0.12
1693,2024-01-25,P5,3,0.1
1694,2024-01-25,P4,2,0.0
1695,2024-01-25,P14,1,0.06
1696,2024-01-25,P10,4,0.08
1697,2024-01-25,P12,1,0.06
1698,2024-01-25,P13,2,0.02
1699,2024-01-25,P4,1,0.09
1700,2024-01-25,P18,1,0.06
1701,2024-01-25,P5,1,0.08
1702,2024-01-25,P9,1,0.01
1703,2024-01-25,P6,1,0.07
1704,2024-01-25,P19,3,0.05
1705,2024-01-25,P9,1,0.11
1706,2024-01-25,P4,1,0.12
1707,2024-01-25,P16,1,0.13
1708,2024-01-25,P1,3,0.07
1709,2024-01-25,P8,1,0.08
1710,2024-01-25,P12,1,0.03
1711,2024-01-25,P11,1,0.1
1712,2024-01-25,P17,3,0.0
1713,2024-01-25,P3,1,0.03
1714,2024-01-25,P19,1,0.14
1715,2024-01-25,P4,2,0.11
1716,2024-01-25,P7,1,0.0
1717,2024-01-25,P1,1,0.01
1718,2024-01-25,P2,3,0.15
1719,2024-01-25,P7,1,0.01
1720,2024-01-25,P8,1,0.11
1721,2024-01-25,P18,1,0.07
1722,2024-01-25,P2,1,0.05
1723,2024-01-26,P1,3,0.06
1724,2024-01-26,P7,2,0.02
1725,2024-01-26,P6,1,0.07
1726,2024-01-26,P4,1,0.04
1727,2024-01-26,P20,1,0.08
1728,2024-01-26,P8,1,0.0
1729,2024-01-26,P20,1,0.11
1730,2024-01-26,P9,1,0.09
1731,2024-01-26,P11,3,0.07
1732,2024-01-26,P12,1,0.07
1733,2024-01-26,P19,1,0.1
1734,2024-01-26,P16,1,0.02
1735,2024-01-26,P9,1,0.03
1736,2024-01-26,P19,1,0.06
1737,2024-01-26,P17,1,0.07
1738,2024-01-26,P16,3,0.05
1739,2024-01-26,P15,1,0.06
1740,2024-01-26,P12,2,0.05
1741,2024-01-26,P13,1,0.06
1742,2024-01-26,P1,2,0.03
1743,2024-01-26,P1,1,0.0
1744,2024-01-26,P13,1,0.09
1745,2024-01-26,P18,1,0.09
1746,2024-01-26,P14,3,0.06
1747,2024-01-26,P7,1,0.13
1748,2024-01-26,P6,1,0.05
1749,2024-01-26,P14,1,0.02
1750,2024-01-26,P15,1,0.07
1751,2024-01-26,P9,1,0.07
1752,2024-01-26,P3,2,0.03
1753,2024-01-26,P4,3,0.1
1754,2024-01-26,P12,1,0.09
1755,2024-01-26,P6,1,0.1
1756,2024-01-26,P15,1,0.03
1757,2024-01-26,P18,2,0.13
1758,2024-01-26,P2,3,0.05
1759,2024-01-26,P13,1,0.07
1760,2024-01-26,P1,1,0.05
1761,2024-01-26,P14,2,0.14
1762,2024-01-26,P16,1,0.04
1763,2024-01-26,P17,1,0.05
1764,2024-01-26,P7,1,0.03
1765,2024-01-26,P3,2,0.07
1766,2024-01-26,P11,1,0.05
1767,2024-01-26,P12,1,0.1
1768,2024-01-26,P12,5,0.09
1769,2024-01-26,P15,1,0.08
1770,2024-01-26,P9,1,0.04
1771,2024-01-26,P5,1,0.02
1772,2024-01-26,P20,4,0.02
1773,2024-01-26,P6,2,0.09
1774,2024-01-26,P20,1,0.17
1775,2024-01-26,P6,2,0.07
1776,2024-01-26,P15,3,0.02
1777,2024-01-26,P6,1,0.1
1778,2024-01-26,P18,1,0.04
1779,2024-01-26,P14,1,0.07
1780,2024-01-26,P2,1,0.04
1781,2024-01-26,P3,1,0.11
1782,2024-01-26,P10,1,0.07
1783,2024-01-26,P19,1,0.06
1784,2024-01-26,P8,1,0.08
1785,2024-01-26,P5,1,0.03
1786,2024-01-26,P17,1,0.08
1787,2024-01-26,P15,1,0.1
1788,2024-01-26,P8,1,0.02
1789,2024-01-26,P4,1,0.12
1790,2024-01-26,P9,1,0.04
1791,2024-01-26,P19,1,0.09
1792,2024-01-26,P19,3,0.11
1793,2024-01-26,P11,3,0.07
1794,2024-01-26,P2,1,0.04
1795,2024-01-26,P1,1,0.08
1796,2024-01-27,P15,6,0.07
1797,2024-01-27,P2,4,0.08
1798,2024-01-27,P2,1,0.01
1799,2024-01-27,P8,2,0.08
1800,2024-01-27,P17,1,0.04
1801,2024-01-27,P1,2,0.07
1802,2024-01-27,P7,1,0.06
1803,2024-01-27,P15,1,0.08
1804,2024-01-27,P14,1,0.08
1805,2024-01-27,P18,2,0.07
1806,2024-01-27,P8,2,0.04
1807,2024-01-27,P9,1,0.09
1808,2024-01-27,P20,1,0.12
1809,2024-01-27,P9,1,0.05
1810,2024-01-27,P9,1,0.1
1811,2024-01-27,P12,1,0.05
1812,2024-01-27,P18,1,0.08
1813,2024-01-27,P8,1,0.16
1814,2024-01-27,P11,1,0.01
1815,2024-01-27,P9,1,0.05
1816,2024-01-27,P7,3,0.06
1817,2024-01-27,P14,1,0.08
1818,2024-01-27,P20,2,0.01
1819,2024-01-27,P20,1,0.05
1820,2024-01-27,P4,3,0.08
1821,2024-01-27,P13,2,0.06
1822,2024-01-27,P5,2,0.08
1823,2024-01-27,P4,3,0.17
1824,2024-01-27,P11,1,0.04
1825,2024-01-27,P19,5,0.08
1826,2024-01-27,P6,1,0.03
1827,2024-01-27,P3,1,0.04
1828,2024-01-27,P17,1,0.06
1829,2024-01-27,P17,1,0.03
1830,2024-01-27,P16,2,0.05
1831,2024-01-27,P19,1,0.08
1832,2024-01-27,P15,2,0.06
1833,2024-01-27,P4,1,0.16
1834,2024-01-27,P8,1,0.11
1835,2024-01-27,P7,1,0.09
1836,2024-01-27,P1,1,0.1
1837,2024-01-27,P16,1,0.07
1838,2024-01-27,P17,1,0.02
1839,2024-01-27,P4,1,0.13
1840,2024-01-27,P11,1,0.15
1841,2024-01-27,P4,1,0.12
1842,2024-01-27,P1,1,0.12
1843,2024-01-27,P2,1,0.08
1844,2024-01-27,P16,1,0.13
1845,2024-01-27,P6,1,0.06
1846,2024-01-27,P15,2,0.05
1847,2024-01-27,P2,1,0.06
1848,2024-01-27,P19,1,0.11
1849,2024-01-27,P18,1,0.03
1850,2024-01-27,P17,1,0.07
1851,2024-01-27,P18,1,0.09
1852,2024-01-27,P11,1,0.02
1853,2024-01-27,P3,1,0.04
1854,2024-01-27,P17,6,0.07
1855,2024-01-27,P6,1,0.05
1856,2024-01-27,P15,1,0.06
1857,2024-01-27,P15,1,0.1
1858,2024-01-27,P18,1,0.05
1859,2024-01-27,P1,1,0.08
1860,2024-01-27,P5,3,0.08
1861,2024-01-27,P7,1,0.11
1862,2024-01-27,P11,1,0.09
1863,2024-01-27,P19,1,0.11
1864,2024-01-27,P14,2,0.08
1865,2024-01-27,P14,1,0.05
1866,2024-01-28,P14,1,0.11
1867,2024-01-28,P2,1,0.12
1868,2024-01-28,P15,1,0.11
1869,2024-01-28,P10,2,0.06
1870,2024-01-28,P12,1,0.14
1871,2024-01-28,P16,1,0.04
1872,2024-01-28,P17,1,0.02
1873,2024-01-28,P18,3,0.03
1874,2024-01-28,P20,1,0.07
1875,2024-01-28,P7,1,0.1
1876,2024-01-28,P13,1,0.04
1877,2024-01-28,P14,3,0.19
1878,2024-01-28,P16,1,0.04
1879,2024-01-28,P18,1,0.05
1880,2024-01-28,P7,2,0.09
1881,2024-01-28,P14,1,0.04
1882,2024-01-28,P1,3,0.07
1883,2024-01-28,P2,1,0.12
1884,2024-01-28,P16,3,0.06
1885,2024-01-28,P4,2,0.09
1886,2024-01-28,P12,1,0.12
1887,2024-01-28,P7,2,0.13
1888,2024-01-28,P5,1,0.09
1889,2024-01-28,P1,1,0.09
1890,2024-01-28,P12,2,0.13
1891,2024-01-28,P7,1,0.1
1892,2024-01-28,P14,2,0.08
1893,2024-01-28,P9,1,0.07
1894,2024-01-28,P7,5,0.08
1895,2024-01-28,P20,1,0.09
1896,2024-01-28,P17,1,0.08
1897,2024-01-28,P3,1,0.16
1898,2024-01-28,P3,2,0.01
1899,2024-01-28,P1,1,0.08
1900,2024-01-28,P12,5,0.03
1901,2024-01-28,P3,1,0.08
1902,2024-01-28,P1,1,0.01
1903,2024-01-28,P19,1,0.07
1904,2024-01-28,P8,1,0.14
1905,2024-01-28,P11,1,0.05
1906,2024-01-28,P16,1,0.06
1907,2024-01-28,P15,2,0.13
1908,2024-01-28,P11,1,0.12
1909,2024-01-28,P1,3,0.07
1910,2024-01-28,P2,2,0.09
1911,2024-01-28,P12,3,0.03
1912,2024-01-28,P5,1,0.13
1913,2024-01-28,P13,1,0.18
1914,2024-01-28,P6,1,0.06
1915,2024-01-28,P15,1,0.14
1916,2024-01-28,P2,1,0.1
1917,2024-01-28,P19,1,0.15
1918,2024-01-28,P16,1,0.13
1919,2024-01-28,P12,1,0.09
1920,2024-01-28,P1,1,0.1
1921,2024-01-28,P13,1,0.11
1922,2024-01-28,P20,1,0.01
1923,2024-01-28,P16,1,0.09
1924,2024-01-28,P11,1,0.11
1925,2024-01-28,P1,2,0.1
1926,2024-01-28,P1,2,0.05
1927,2024-01-28,P5,1,0.07
1928,2024-01-28,P3,1,0.03
1929,2024-01-28,P8,1,0.13
1930,2024-01-28,P3,3,0.1
1931,2024-01-28,P18,1,0.11
1932,2024-01-28,P8,1,0.1
1933,2024-01-28,P5,1,0.06
1934,2024-01-28,P12,1,0.11
1935,2024-01-28,P19,1,0.13
1936,2024-01-28,P11,1,0.08
1937,2024-01-28,P5,1,0.02
1938,2024-01-28,P16,1,0.1
1939,2024-01-28,P1,1,0.07
1940,2024-01-28,P9,2,0.05
1941,2024-01-29,P2,1,0.06
1942,2024-01-29,P8,1,0.11
1943,2024-01-29,P11,1,0.03
1944,2024-01-29,P3,1,0.02
1945,2024-01-29,P1,3,0.08
1946,2024-01-29,P1,1,0.14
1947,2024-01-29,P13,2,0.03
1948,2024-01-29,P20,1,0.11
1949,2024-01-29,P18,1,0.11
1950,2024-01-29,P18,1,0.1
1951,2024-01-29,P2,1,0.09
1952,2024-01-29,P9,1,0.1
1953,2024-01-29,P10,3,0.04
1954,2024-01-29,P14,1,0.14
1955,2024-01-29,P9,4,0.11
1956,2024-01-29,P9,2,0.11
1957,2024-01-29,P5,1,0.08
1958,2024-01-29,P6,1,0.03
1959,2024-01-29,P8,1,0.07
1960,2024-01-29,P7,2,0.16
1961,2024-01-29,P5,1,0.15
1962,2024-01-29,P7,1,0.05
1963,2024-01-29,P17,1,0.03
1964,2024-01-29,P6,2,0.11
1965,2024-01-29,P1,1,0.1
1966,2024-01-29,P3,1,0.03
1967,2024-01-29,P14,1,0.08
1968,2024-01-29,P8,3,0.12
1969,2024-01-29,P17,1,0.12
1970,2024-01-29,P7,1,0.03
1971,2024-01-29,P1,1,0.1
1972,2024-01-29,P19,1,0.1
1973,2024-01-29,P19,1,0.08
1974,2024-01-29,P12,1,0.06
1975,2024-01-29,P10,2,0.13
1976,2024-01-29,P8,1,0.1
1977,2024-01-29,P2,1,0.08
1978,2024-01-29,P8,2,0.14
1979,2024-01-29,P1,1,0.09
1980,2024-01-29,P13,1,0.05
1981,2024-01-29,P4,2,0.04
1982,2024-01-29,P19,1,0.1
1983,2024-01-29,P19,1,0.03
1984,2024-01-29,P18,1,0.0
1985,2024-01-29,P14,1,0.04
1986,2024-01-29,P10,1,0.0
1987,2024-01-29,P13,1,0.11
1988,2024-01-29,P5,1,0.07
1989,2024-01-29,P9,1,0.05
1990,2024-01-29,P17,4,0.14
1991,2024-01-29,P15,1,0.1
1992,2024-01-29,P3,1,0.07
1993,2024-01-29,P15,1,0.06
1994,2024-01-29,P15,1,0.05
1995,2024-01-29,P6,1,0.03
1996,2024-01-29,P14,1,0.06
1997,2024-01-29,P12,1,0.06
1998,2024-01-29,P8,3,0.03
1999,2024-01-29,P20,3,0.08
2000,2024-01-29,P10,4,0.1
2001,2024-01-29,P19,1,0.06
2002,2024-01-29,P7,1,0.06
2003,2024-01-30,P18,1,0.07
2004,2024-01-30,P5,6,0.02
2005,2024-01-30,P18,1,0.05
2006,2024-01-30,P5,2,0.03
2007,2024-01-30,P7,3,0.1
2008,2024-01-30,P20,1,0.12
2009,2024-01-30,P15,1,0.1
2010,2024-01-30,P11,1,0.05
2011,2024-01-30,P16,1,0.04
2012,2024-01-30,P10,1,0.1
2013,2024-01-30,P18,2,0.05
2014,2024-01-30,P19,1,0.03
2015,2024-01-30,P16,1,0.13
2016,2024-01-30,P14,1,0.13
2017,2024-01-30,P11,1,0.07
2018,2024-01-30,P1,1,0.08
2019,2024-01-30,P6,1,0.1
2020,2024-01-30,P4,1,0.08
2021,2024-01-30,P15,3,0.12
2022,2024-01-30,P15,1,0.04
2023,2024-01-30,P14,3,0.09
2024,2024-01-30,P18,1,0.09
2025,2024-01-30,P2,1,0.03
2026,2024-01-30,P10,1,0.07
2027,2024-01-30,P4,1,0.06
2028,2024-01-30,P17,1,0.0
2029,2024-01-30,P4,1,0.02
2030,2024-01-30,P4,3,0.11
2031,2024-01-30,P13,1,0.07
2032,2024-01-30,P20,1,0.05
2033,2024-01-30,P4,1,0.05
2034,2024-01-30,P13,1,0.14
2035,2024-01-30,P11,1,0.09
2036,2024-01-30,P15,1,0.09
2037,2024-01-30,P19,2,0.07
2038,2024-01-30,P6,4,0.11
2039,2024-01-30,P15,1,0.07
2040,2024-01-30,P18,1,0.02
2041,2024-01-30,P17,1,0.06
2042,2024-01-30,P4,2,0.08
2043,2024-01-30,P7,1,0.08
2044,2024-01-30,P2,1,0.06
2045,2024-01-30,P5,1,0.05
2046,2024-01-30,P1,1,0.13
2047,2024-01-30,P19,1,0.06
2048,2024-01-30,P17,1,0.06
2049,2024-01-30,P12,3,0.11
2050,2024-01-30,P18,2,0.11
2051,2024-01-30,P6,2,0.12
2052,2024-01-30,P15,1,0.03
2053,2024-01-30,P2,5,0.09
2054,2024-01-30,P11,1,0.02
2055,2024-01-30,P11,1,0.05
2056,2024-01-30,P9,1,0.05
2057,2024-01-30,P12,1,0.0
2058,2024-01-30,P4,1,0.12
2059,2024-01-30,P15,1,0.04
2060,2024-01-30,P11,2,0.05
2061,2024-01-30,P20,1,0.09
2062,2024-01-30,P16,1,0.12
2063,2024-01-30,P12,1,0.07
2064,2024-01-31,P4,3,0.0
2065,2024-01-31,P13,1,0.1
2066,2024-01-31,P4,4,0.07
2067,2024-01-31,P13,1,0.08
2068,2024-01-31,P12,1,0.09
2069,2024-01-31,P12,2,0.08
2070,2024-01-31,P5,4,0.1
2071,2024-01-31,P1,1,0.08
2072,2024-01-31,P2,1,0.04
2073,2024-01-31,P20,1,0.1
2074,2024-01-31,P4,1,0.12
2075,2024-01-31,P10,1,0.05
2076,2024-01-31,P17,2,0.1
2077,2024-01-31,P19,1,0.08
2078,2024-01-31,P12,1,0.11
2079,2024-01-31,P7,1,0.13
2080,2024-01-31,P9,1,0.09
2081,2024-01-31,P19,1,0.09
2082,2024-01-31,P1,1,0.06
2083,2024-01-31,P14,3,0.07
2084,2024-01-31,P6,1,0.07
2085,2024-01-31,P16,1,0.09
2086,2024-01-31,P10,1,0.02
2087,2024-01-31,P6,2,0.1
2088,2024-01-31,P12,2,0.02
2089,2024-01-31,P8,1,0.16
2090,2024-01-31,P1,1,0.09
2091,2024-01-31,P9,3,0.01
2092,2024-01-31,P11,1,0.08
2093,2024-01-31,P3,1,0.08
2094,2024-01-31,P5,2,0.06
2095,2024-01-31,P3,1,0.0
2096,2024-01-31,P12,1,0.11
2097,2024-01-31,P2,1,0.05
2098,2024-01-31,P5,4,0.01
2099,2024-01-31,P14,1,0.08
2100,2024-01-31,P10,1,0.13
2101,2024-01-31,P16,4,0.08
2102,2024-01-31,P13,1,0.06
2103,2024-01-31,P10,1,0.05
2104,2024-01-31,P12,1,0.06
2105,2024-01-31,P4,1,0.09
2106,2024-01-31,P1,1,0.1
2107,2024-01-31,P5,1,0.0
2108,2024-01-31,P20,1,0.12
2109,2024-01-31,P8,1,0.1
2110,2024-01-31,P6,1,0.04
2111,2024-01-31,P8,3,0.07
2112,2024-01-31,P17,1,0.06
2113,2024-01-31,P8,1,0.09
2114,2024-01-31,P14,1,0.12
2115,2024-01-31,P2,1,0.06
2116,2024-01-31,P3,1,0.07
2117,2024-01-31,P2,1,0.14
2118,2024-01-31,P15,1,0.07
2119,2024-01-31,P10,1,0.05
2120,2024-01-31,P3,1,0.04
2121,2024-01-31,P10,1,0.02
2122,2024-01-31,P9,1,0.0
2123,2024-01-31,P15,1,0.06
2124,2024-01-31,P18,1,0.07
